{"cameraMode":{"drawMode":0,"name":"Shaded","section":"Shading Mode"},"sceneLighting":false,"audioPlay":false,"sceneViewState":{"m_AlwaysRefresh":false,"showFog":false,"showSkybox":false,"showFlares":false,"showImageEffects":false,"showParticleSystems":false,"showVisualEffectGraphs":false,"m_FxEnabled":true},"in2DMode":false,"pivot":{"x":0.009406685829162598,"y":1.069519281387329,"z":0.08463537693023682},"rotation":{"x":0.33852389454841616,"y":0.46239110827445986,"z":-0.196755051612854,"w":0.7955530285835266},"size":1.2179441452026368,"orthographic":false}