{"cameraMode":{"drawMode":0,"name":"Shaded","section":"Shading Mode"},"sceneLighting":false,"audioPlay":false,"sceneViewState":{"m_AlwaysRefresh":false,"showFog":false,"showSkybox":false,"showFlares":false,"showImageEffects":false,"showParticleSystems":false,"showVisualEffectGraphs":false,"m_FxEnabled":true},"in2DMode":false,"pivot":{"x":0.022921085357666017,"y":1.057112693786621,"z":0.08002549409866333},"rotation":{"x":0.33852389454841616,"y":0.46239110827445986,"z":-0.196755051612854,"w":0.7955530285835266},"size":1.428402066230774,"orthographic":false}