{"cameraMode":{"drawMode":0,"name":"Shaded","section":"Shading Mode"},"sceneLighting":true,"audioPlay":false,"sceneViewState":{"m_AlwaysRefresh":false,"showFog":false,"showSkybox":false,"showFlares":false,"showImageEffects":false,"showParticleSystems":false,"showVisualEffectGraphs":false,"m_FxEnabled":true},"in2DMode":false,"pivot":{"x":-0.14696002006530763,"y":1.0753849744796754,"z":0.25808537006378176},"rotation":{"x":-0.11196188628673554,"y":0.8879557251930237,"z":-0.30892685055732729,"w":-0.32181569933891299},"size":0.9490296840667725,"orthographic":false}